text,label
"Pouvez-vous me dire comment dire «je ne parle pas beaucoup espagnol», en espagnol",translate
Dites-moi comment dire: «C'est une belle matinée» en italien,translate
"Si j'étais japonais, comment dirais-je que je suis touriste",translate
Comment dire «hôtel» en finnois,translate
"J'ai besoin que vous traduisiez la phrase, «nous y serons bientôt» en portugais",translate
Veuillez me dire comment demander un taxi en français,translate
Comment dire bonjour en anglais,translate
La Corée du Nord a-t-elle des alertes de voyage que je devrais être conscientes,travel_alert
Y a-t-il des alertes de voyage pour la Syrie,travel_alert
Y a-t-il une alerte de voyage pour la Russie,travel_alert
Est-il sûr de se rendre en Islande,travel_alert
Parlez-moi des alertes de voyage émises pour l'Allemagne,travel_alert
Y a-t-il des nouvelles sur le vol DL123,flight_status
Quand allons-nous commencer à monter à bord de mon vol prévu,flight_status
Quand mon vol décollera-t-il,flight_status
Quand mon vol atterrira-t-il,flight_status
quelle est la porte d'embarquement pour mon vol AF847,flight_status
Quand vais-je arriver à destination,flight_status
Localiser les bagages perdus de Flight America Airlines à O'Hare,lost_luggage
Perte des bagages sur Flight America Airlines à O'Hare,lost_luggage
Je pense que mes bagages ont été perdus,lost_luggage
"Mes bagages sont manquants, j'étais sur le vol Frontier AB123 depuis Seattle",lost_luggage
"Aide, j'ai perdu mes bagages",lost_luggage
Savez-vous qui je devrais contacter car mes valises ne sont pas arrivées,lost_luggage
À qui dois-je me plaindre que mes bagages n'arrivent pas à l'aéroport,lost_luggage
Veuillez suggérer des activités touristiques amusantes à Tokyo,travel_suggestion
"Si je vais à Evans, que dois-je faire",travel_suggestion
Quels sont les bons restaurants à Chicago,travel_suggestion
où devrais-je passer mon temps libre,travel_suggestion
Que puis-je faire à Nashville,travel_suggestion
Donnez-moi une liste de choses à faire à Orlando,travel_suggestion
Où est la meilleure cave du sud de la France,travel_suggestion
Y a-t-il des activités touristiques amusantes en Australie,travel_suggestion
Voulez-vous me faire part des restrictions de bagage à main pour American Airlines,carry_on
Restrictions de cabine pour les émirats arabes unis,carry_on
Qu'est-ce que je suis autorisé à prendre en cabine avec American Airlines,carry_on
Y a-t-il une limite de poids pour mon bagage à main,carry_on
Combien de bagages à main puis-je prendre pendant un vol avec United pour Lax,carry_on
Quelles sont les règles concernant les bagages à main pour les vols Virgin Airlines,carry_on
Y a-t-il une limite de poids de bagage cabine,carry_on
Dois-je payer pour mes bagages à main,carry_on
Réservez-moi une chambre du 11 au 15 novembre à Cali,book_hotel
Trouvez-moi un endroit où séjourner à Cali du 11 au 15 novembre,book_hotel
Quels hôtels ont des critiques décentes à Bangor,book_hotel
Veuillez me trouver une chambre d'hôtel pour 4 personnes du lundi au mercredi à Lakewood,book_hotel
"Trouvez un hôtel Columbus, Ohio avec de bonnes critiques",book_hotel
"S'il vous plaît, aidez-moi à réserver un endroit où séjourner à Pittsburgh du lundi au vendredi",book_hotel
J'ai besoin d'une chambre d'hôtel assez grande pour 4 personnes du lundi au mercredi à Lakewood,book_hotel
Trouvez-moi des vols aller-retour de LAX vers SFOX,book_flight
Réservez un vol de Chicago à DC lundi et revenant mercredi,book_flight
Je recherche un vol aller-retour de AAF à DIA du 23 février au 28 février,book_flight
Pourriez-vous faire une réservation de vol avec Air Emirates d'Orlando à Londres,book_flight
J'ai besoin de réserver un vol aller-retour de Dallas à Los Angeles du 2 au 10 mars,book_flight
Je voudrais savoir quels vols sont disponibles sur El Paso à Dallas le 10 juin pour moins de 300 $,book_flight
Combien coûte des frais de découvert pour la banque,out_of_scope
Quelle taille d'essuie-glace cette voiture prend-t-elle,out_of_scope
Quel est le plus grand état des États-Unis,out_of_scope
Quelle est la compagnie aérienne la plus populaire,out_of_scope
Combien de planètes avons-nous découvert,out_of_scope
Combien de côtés dans un hexagone,out_of_scope
Combien de temps dure l'hiver,out_of_scope
qui est l'entraîneur des Chicago Bulls,out_of_scope
Combien d'Oscars ont gagné les films Star Wars,out_of_scope
Veuillez trouver la capitale du Pakistan ,out_of_scope
qui est le personnage le plus effrayant de Start Trek,out_of_scope
Quelle est la durée de vie de la batterie moyenne d'un téléphone Android,out_of_scope
Quand Camus est-il mort,out_of_scope
Quand Nintendo a-t-il été créé,out_of_scope
Quel personnage Marvel est apparu dans le plus de films,out_of_scope
Quels sont les avantages de terminer le lycée,out_of_scope
Pouvez-vous me dire à quelle vitesse moyenne l'avion vers la Californie va,out_of_scope
Est-il possible de louer une voiture à la Laguardia du mardi au vendredi,out_of_scope
Que vaut un dollar au Mexique,out_of_scope
Quel est le taux de change entre l'USD et l'euro,out_of_scope
Pouvez-vous me dire le fuseau horaire à San Francisco,out_of_scope
Quels sont les meilleurs endroits à visiter en été ?,travel_suggestion
Recommandez-moi une destination pour un voyage en famille.,travel_suggestion
Où devrais-je aller pour un week-end en amoureux ?,travel_suggestion
Quels sont les pays les plus sûrs pour voyager seul ?,travel_suggestion
Puis-je emporter une bouteille d'eau dans mon bagage cabine ?,carry_on
Quels objets sont interdits en cabine ?,carry_on
Quelle est la taille maximale autorisée pour un bagage à main ?,carry_on
Peut-on prendre une valise et un sac à dos en cabine ?,carry_on
Comment dire 'merci' en japonais ?,translate
"Traduisez cette phrase en espagnol : 'Je voudrais un café, s'il vous plaît.'",translate
Quel est l'équivalent de 'bonjour' en allemand ?,translate
Pouvez-vous traduire 'bonne journée' en italien ?,translate
Que faire si ma valise n'arrive pas à destination ?,lost_luggage
"J'ai perdu mes bagages, comment les retrouver ?",lost_luggage
À qui dois-je m'adresser pour un bagage perdu ?,lost_luggage
Que faire si ma valise a été envoyée au mauvais aéroport ?,lost_luggage
Comment réserver une chambre d'hôtel en ligne ?,book_hotel
Pouvez-vous m'aider à trouver un hôtel pas cher à Paris ?,book_hotel
Quels sont les meilleurs sites pour réserver un hôtel ?,book_hotel
Puis-je annuler une réservation d'hôtel gratuitement ?,book_hotel
Comment savoir si mon vol est retardé ?,flight_status
Quelle est l'heure d'arrivée prévue de mon vol ?,flight_status
"Mon vol a été annulé, que dois-je faire ?",flight_status
Comment vérifier l'état de mon vol en temps réel ?,flight_status
Comment réserver un billet d'avion au meilleur prix ?,book_flight
Quels sont les sites qui proposent des vols pas chers ?,book_flight
Puis-je modifier ma réservation de vol après l'achat ?,book_flight
Y a-t-il des offres spéciales pour les billets d'avion ?,book_flight
Y a-t-il des restrictions de voyage en ce moment ?,travel_alert
Comment savoir si une destination est dangereuse ?,travel_alert
Y a-t-il des alertes sanitaires pour ce pays ?,travel_alert
Les frontières sont-elles ouvertes pour les touristes ?,travel_alert
Quel est le score du dernier match de football ?,out_of_scope
Comment réparer une fuite d'eau dans ma maison ?,out_of_scope
Quels sont les ingrédients pour faire un gâteau au chocolat ?,out_of_scope
Peut-on adopter un chien sans passer par un refuge ?,out_of_scope
Peux-tu traduire cette phrase en anglais ?,translate
Comment exprime-t-on 'bonne journée' en italien ?,translate
"J'aimerais dire 'merci beaucoup' en japonais, peux-tu m'aider ?",translate
Y a-t-il des restrictions de voyage pour le Canada ?,travel_alert
Est-ce que ma destination est touchée par une alerte de sécurité ?,travel_alert
Quels pays sont actuellement en alerte rouge pour les voyages ?,travel_alert
Mon vol AF123 est-il à l'heure ?,flight_status
Peux-tu me donner le statut du vol BA456 ?,flight_status
Le vol de Paris à New York est-il retardé ?,flight_status
"J'ai perdu mes bagages à l'aéroport, que dois-je faire ?",lost_luggage
"Ma valise n'est pas arrivée, comment la retrouver ?",lost_luggage
À qui dois-je m'adresser pour un bagage perdu ?,lost_luggage
Où devrais-je partir en vacances cet été ?,travel_suggestion
Quel est le meilleur endroit pour un voyage en famille ?,travel_suggestion
As-tu une idée de destination pour un week-end romantique ?,travel_suggestion
Quels objets sont autorisés en bagage à main ?,carry_on
Puis-je emporter un ordinateur portable en cabine ?,carry_on
Quelle est la taille maximale d'un bagage cabine ?,carry_on
Peux-tu m'aider à réserver un hôtel à Tokyo ?,book_hotel
Je cherche un hôtel à Londres pour la semaine prochaine.,book_hotel
Quel est le meilleur hôtel à New York dans mon budget ?,book_hotel
Je veux réserver un vol pour Barcelone.,book_flight
Quels sont les vols disponibles pour Rome demain ?,book_flight
Peux-tu m'aider à trouver un billet d'avion pas cher ?,book_flight
Quel est le cours du Bitcoin aujourd'hui ?,out_of_scope
Peux-tu me recommander un bon restaurant à Paris ?,out_of_scope
Quelle est la météo pour demain ?,out_of_scope
